{
      "0": "drug_protein",
      "1": "contraindication",
      "2": "indication",
      "3": "off-label use",
      "4": "drug_drug",
      "5": "drug_effect",
      "6": "defined_bond_stereo_count",
      "7": "tpsa",
      "8": "rotatable_bond_count",
      "9": "xlogp3-aa",
      "10": "structure_complexity",
      "11": "covalent_unit_count",
      "12": "defined_atom_stereo_count",
      "13": "molecular_weight",
      "14": "hydrogen_bond_donor_count",
      "15": "undefined_bond_stereo_count",
      "16": "isotope_atom_count",
      "17": "exact_mass",
      "18": "mono_isotopic_weight",
      "19": "total_formal_charge",
      "20": "hydrogen_bond_acceptor_count",
      "21": "non-hydrogen_atom_count",
      "22": "tautomer_count",
      "23": "undefined_atom_stereo_count",
      "24": "xlogp3",
      "25": "cooccurence_molecule_molecule",
      "26": "cooccurence_molecule_disease",
      "27": "cooccurence_molecule_gene/protein",
      "28": "neighbor_2d",
      "29": "neighbor_3d",
      "30": "has_same_connectivity",
      "31": "has_component",
      "32": "has_isotopologue",
      "33": "has_parent",
      "34": "has_stereoisomer",
      "35": "to_drug",
      "36": "closematch",
      "37": "type",
      "38": "in_pathway"
}