{
      "drug_protein": "0",
      "contraindication": "1",
      "indication": "2",
      "off-label use": "3",
      "drug_drug": "4",
      "drug_effect": "5",
      "defined_bond_stereo_count": "6",
      "tpsa": "7",
      "rotatable_bond_count": "8",
      "xlogp3-aa": "9",
      "structure_complexity": "10",
      "covalent_unit_count": "11",
      "defined_atom_stereo_count": "12",
      "molecular_weight": "13",
      "hydrogen_bond_donor_count": "14",
      "undefined_bond_stereo_count": "15",
      "isotope_atom_count": "16",
      "exact_mass": "17",
      "mono_isotopic_weight": "18",
      "total_formal_charge": "19",
      "hydrogen_bond_acceptor_count": "20",
      "non-hydrogen_atom_count": "21",
      "tautomer_count": "22",
      "undefined_atom_stereo_count": "23",
      "xlogp3": "24",
      "cooccurence_molecule_molecule": "25",
      "cooccurence_molecule_disease": "26",
      "cooccurence_molecule_gene/protein": "27",
      "neighbor_2d": "28",
      "neighbor_3d": "29",
      "has_same_connectivity": "30",
      "has_component": "31",
      "has_isotopologue": "32",
      "has_parent": "33",
      "has_stereoisomer": "34",
      "to_drug": "35",
      "closematch": "36",
      "type": "37",
      "in_pathway": "38"
}